{
    "r2_score": 90.10996689022565,
    "root_mean_squared_error": 3945.9251758980754,
    "mean_absolute_error": 2470.888943512506
}